<?xml version="1.0" encoding="UTF-8"?>
<project-private xmlns="http://www.netbeans.org/ns/project-private/1">
    <editor-bookmarks xmlns="http://www.netbeans.org/ns/editor-bookmarks/2" lastBookmarkId="0"/>
    <open-files xmlns="http://www.netbeans.org/ns/projectui-open-files/2">
        <group>
            <file>file:/C:/Users/shens/Desktop/Practica_02_Procesos/Practica_02_Procesos/src/practica_02_procesos/Proceso.java</file>
            <file>file:/C:/Users/shens/Desktop/Practica_02_Procesos/Practica_02_Procesos/src/practica_02_procesos/Practica_02_Procesos.java</file>
            <file>file:/C:/Users/shens/Desktop/Practica_02_Procesos/Practica_02_Procesos/src/practica_02_procesos/Memoria.java</file>
        </group>
    </open-files>
</project-private>
